<?xml version="1.0" encoding="UTF-8"?>
<configurationDescriptor version="100">
  <logicalFolder name="root" displayName="root" projectFiles="true" kind="ROOT">
    <df root="." name="0">
      <df name="bin">
        <in>coff.h</in>
        <in>coff2flat.c</in>
        <in>coff2noff.c</in>
        <in>d.c</in>
        <in>disasm.c</in>
        <in>encode.h</in>
        <in>execute.c</in>
        <in>instr.h</in>
        <in>int.h</in>
        <in>main.c</in>
        <in>noff.h</in>
        <in>opstrings.c</in>
        <in>out.c</in>
        <in>system.c</in>
      </df>
      <df name="filesys">
        <df name="test">
        </df>
        <in>directory.cc</in>
        <in>directory.h</in>
        <in>filehdr.cc</in>
        <in>filehdr.h</in>
        <in>filesys.cc</in>
        <in>filesys.h</in>
        <in>fstest.cc</in>
        <in>openfile.cc</in>
        <in>openfile.h</in>
        <in>swtch.s</in>
        <in>synchdisk.cc</in>
        <in>synchdisk.h</in>
      </df>
      <df name="machine">
        <in>console.cc</in>
        <in>console.h</in>
        <in>disk.cc</in>
        <in>disk.h</in>
        <in>interrupt.cc</in>
        <in>interrupt.h</in>
        <in>machine.cc</in>
        <in>machine.h</in>
        <in>mipssim.cc</in>
        <in>mipssim.h</in>
        <in>network.cc</in>
        <in>network.h</in>
        <in>stats.cc</in>
        <in>stats.h</in>
        <in>sysdep.cc</in>
        <in>sysdep.h</in>
        <in>timer.cc</in>
        <in>timer.h</in>
        <in>translate.cc</in>
        <in>translate.h</in>
      </df>
      <df name="network">
        <in>nettest.cc</in>
        <in>post.cc</in>
        <in>post.h</in>
        <in>swtch.s</in>
      </df>
      <df name="test">
        <in>halt.c</in>
        <in>matmult.c</in>
        <in>shell.c</in>
        <in>sort.c</in>
        <in>start.s</in>
      </df>
      <df name="threads">
        <in>consumer.cc</in>
        <in>consumer.h</in>
        <in>copyright.h</in>
        <in>list.h</in>
        <in>main.cc</in>
        <in>preemptive.cc</in>
        <in>preemptive.h</in>
        <in>producer.cc</in>
        <in>producer.h</in>
        <in>queue.h</in>
        <in>scheduler.cc</in>
        <in>scheduler.h</in>
        <in>switch.h</in>
        <in>switch.s</in>
        <in>swtch.s</in>
        <in>synch.cc</in>
        <in>synch.h</in>
        <in>synchlist.h</in>
        <in>system.cc</in>
        <in>system.h</in>
        <in>thread.cc</in>
        <in>thread.h</in>
        <in>threadtest.cc</in>
        <in>utility.cc</in>
        <in>utility.h</in>
      </df>
      <df name="userprog">
        <in>addrspace.cc</in>
        <in>addrspace.h</in>
        <in>bitmap.cc</in>
        <in>bitmap.h</in>
        <in>exception.cc</in>
        <in>progtest.cc</in>
        <in>swtch.s</in>
        <in>syscall.h</in>
      </df>
      <df name="vm">
        <in>swtch.s</in>
      </df>
    </df>
  </logicalFolder>
  <projectmakefile>Makefile</projectmakefile>
  <confs>
    <conf name="Default" type="0">
      <toolsSet>
        <developmentServer>localhost</developmentServer>
        <platform>2</platform>
      </toolsSet>
      <compile>
        <compiledirpicklist>
          <compiledirpicklistitem>.</compiledirpicklistitem>
          <compiledirpicklistitem>${AUTO_FOLDER}</compiledirpicklistitem>
        </compiledirpicklist>
        <compiledir>${AUTO_FOLDER}</compiledir>
        <compilecommandpicklist>
          <compilecommandpicklistitem>${MAKE} ${ITEM_NAME}.o</compilecommandpicklistitem>
          <compilecommandpicklistitem>${AUTO_COMPILE}</compilecommandpicklistitem>
        </compilecommandpicklist>
        <compilecommand>${AUTO_COMPILE}</compilecommand>
      </compile>
      <dbx_gdbdebugger version="1">
        <gdb_pathmaps>
        </gdb_pathmaps>
        <gdb_interceptlist>
          <gdbinterceptoptions gdb_all="false" gdb_unhandled="true" gdb_unexpected="true"/>
        </gdb_interceptlist>
        <gdb_options>
          <DebugOptions>
          </DebugOptions>
        </gdb_options>
        <gdb_buildfirst gdb_buildfirst_overriden="false" gdb_buildfirst_old="false"/>
      </dbx_gdbdebugger>
      <nativedebugger version="1">
        <engine>gdb</engine>
      </nativedebugger>
      <runprofile version="9">
        <runcommandpicklist>
          <runcommandpicklistitem>"${OUTPUT_PATH}"</runcommandpicklistitem>
        </runcommandpicklist>
        <runcommand>"${OUTPUT_PATH}"</runcommand>
        <rundir>.</rundir>
        <buildfirst>false</buildfirst>
        <terminal-type>0</terminal-type>
        <remove-instrumentation>0</remove-instrumentation>
        <environment>
        </environment>
      </runprofile>
    </conf>
  </confs>
</configurationDescriptor>
